,title_rus,title_eng,edibility,divisio,classis,ordo,familia,genus,location,links,article_id
0,Агроцибе ранняя,Agrocybe praecox,Съедобен,Basidiomycota,Agaricomycetes,Agaricales,Strophariaceae,Agrocybe,ЮК ,../../articles.php?article_id=2162,2162
1,Альбатреллус тянь-шаньский,Albatrellus tianschanicus,Съедобен,Basidiomycota,Agaricomycetes,Russulales,Albatrellaceae,Albatrellus,ЮК ,../../articles.php?article_id=835,835
2,Антродия рядовая,Antrodia serialis,Несъедобен,Basidiomycota,Agaricomycetes,Polyporales,Fomitopsidaceae,Antrodia,ВК ,../../articles.php?article_id=2384,2384
3,Аскоболус навозный,Ascobolus stercorarius,Несъедобен,Ascomycota,Pezizomycetes,Pezizales,Pyronemataceae,Ascobolus,ЮК ,../../articles.php?article_id=834,834
4,Аскокорине блюдцевидная,Ascocoryne cylichnium,Несъедобен,Ascomycota,Leotiomycetes,Helotiales,Helotiaceae,Ascocoryne,ЮК ,../../articles.php?article_id=2146,2146
5,Аскокорине мясная,Ascocoryne sarcoides,Условносъедобен,Ascomycota,Leotiomycetes,Helotiales,Helotiaceae,Ascocoryne,ЮК ,../../articles.php?article_id=894,894
6,Астерофора дождевиковая,Asterophora lycoperdoides,Несъедобен,Basidiomycota,Agaricomycetes,Agaricales,Lyophyllaceae,Asterophora,СК ВК ,../../articles.php?article_id=2490,2490
7,Аурикулариопсис уховидный,Auriculariopsis ampla,Несъедобен,Basidiomycota,Agaricomycetes,Agaricales,Schizophyllaceae,Auriculariopsis,ЮК ,../../articles.php?article_id=962,962
8,Аурискальпиум обыкновенный,Auriscalpium vulgare,Несъедобен,Basidiomycota,Agaricomycetes,Russulales,Auriscalpiaceae,Auriscalpium,ЮК ВК СК ,../../articles.php?article_id=2089,2089
9,Батарея веселковидная,Battarrea phalloides,Несъедобен,Basidiomycota,Agaricomycetes,Agaricales,Agaricaceae,Battarrea,ЦК ЮК ,../../articles.php?article_id=2112,2112
10,Белосвинуха горькая,Leucopaxillus gentianeus,Условносъедобен,Basidiomycota,Basidiomycetes,Agaricales,Tricholomataceae,Leucopaxillus,ЮК ,../../articles.php?article_id=40,40
11,Белосвинуха розово-белая,Leucopaxillus rhodoleucus,Съедобен,Basidiomycota,Agaricomycetes,Agaricales,Tricholomataceae,Leucopaxillus,ЮК ,../../articles.php?article_id=2087,2087
12,Белошампиньон красношляпковый,Leucoagaricus rubrotinctus,Несъедобен,Basidiomycota,Agaricomycetes,Agaricales,Agaricaceae,Leucoagaricus,ЮК ,../../articles.php?article_id=837,837
13,Белый гриб настоящий,Boletus edulis,Съедобен,Basidiomycota,Agaricomycetes,Boletales,Boletaceae,Boletus,СК ВК ,../../articles.php?article_id=2533,2533
14,Белый гриб сетчатый,Boletus reticulatus,Съедобен,Basidiomycota,Basidiomycetes,Boletales,Boletaceae,Boletus,СК ВК ,../../articles.php?article_id=2531,2531
15,Белый гриб сосновый,Boletus pinophilus,Съедобен,Basidiomycota,Agaricomycetes,Boletales,Boletaceae,Boletus,СК ВК ,../../articles.php?article_id=1995,1995
16,Белый степной гриб,Pleurotus eryngii var. ferulae,Съедобен,Basidiomycota,Agaricomycetes,Agaricales,Pleurotaceae,Pleurotus,ЮК ЦК ,../../articles.php?article_id=46,46
17,Биспорелла лимонная,Bisporella citrina,Условносъедобен,Ascomycota,Leotiomycetes,Helotiales,Helotiaceae,Bisporella,ЮК ,../../articles.php?article_id=732,732
18,Биссонектрия наземная,Byssonectria terrestris,Съедобен,Ascomycota,Pezizomycetes,Pezizales,Pyronemataceae,Byssonectria,ЮК ,../../articles.php?article_id=711,711
19,Блюдцевик жилковатый,Disciotis venosa,Съедобен,Ascomycota,Pezizomycetes,Pezizales,Morchellaceae,Disciotis,ЮК ВК ,../../articles.php?article_id=2077,2077
20,Бокальчик Беркли,Cyathus berkeleyanus,Несъедобен,Basidiomycota,Agaricomycetes,Agaricales,Agaricaceae,Cyathus,ЮК ЦК ,../../articles.php?article_id=2455,2455
21,Бокальчик гладкий,Crucibulum laeve,Несъедобен,Basidiomycota,Agaricomycetes,Agaricales,Agaricaceae,Crucibulum,ЮК ЦК ВК СК ,../../articles.php?article_id=126,126
22,Бокальчик грязный,Cyathus stercoreus,Несъедобен,Basidiomycota,Agaricomycetes,Agaricales,Agaricaceae,Cyathus,ЮК ,../../articles.php?article_id=1144,1144
23,Бокальчик Олла,Cyathus olla,Несъедобен,Basidiomycota,Agaricomycetes,Agaricales,Agaricaceae,Cyathus,ЮК ЦК ВК ,../../articles.php?article_id=1112,1112
24,Болетин азиатский,Boletinus asiaticus,Съедобен,Basidiomycota,Agaricomycetes,Boletales,Suillaceae,Boletinus,ВК ,../../articles.php?article_id=2469,2469
25,Больбитий золотистый,Bolbitius vitellinus,Несъедобен,Basidiomycota,Agaricomycetes,Agaricales,Bolbitiaceae,Bolbitius,,../../articles.php?article_id=2284,2284
26,Бьеркандера опаленная,Bjerkandera adusta,Несъедобен,Basidiomycota,Basidiomycetes,Polyporales,Meruliaceae,Bjerkandera,ЮК ,../../articles.php?article_id=155,155
27,Валуй,Russula foetens,Съедобен,Basidiomycota,Agaricomycetes,Russulales,Russulaceae,Russula,ВК СК ,../../articles.php?article_id=2317,2317
28,Веселка Адриана,Phallus hadriani,Несъедобен,Basidiomycota,Agaricomycetes,Phallales,Phallaceae,Phallus,ЮК ,../../articles.php?article_id=2120,2120
29,Веселка обыкновенная,Phallus impudicus,Съедобен,Basidiomycota,Agaricomycetes,Phallales,Phallaceae,Phallus,ЮК ,../../articles.php?article_id=106,106
30,Вешенка дубовая,Pleurotus dryinus,Съедобен,Basidiomycota,Agaricomycetes,Agaricales,Pleurotaceae,Pleurotus,ЮК ,../../articles.php?article_id=2462,2462
31,Вешенка обыкновенная,Pleurotus ostreatus,Съедобен,Basidiomycota,Agaricomycetes,Agaricales,Pleurotaceae,Pleurotus,ЮК ,../../articles.php?article_id=74,74
32,Вешенка покрытая,Pleurotus calyptratus,Съедобен,Basidiomycota,Agaricomycetes,Agaricales,Pleurotaceae,Pleurotus,СК ЮК ,../../articles.php?article_id=996,996
33,Вешенка рожковидная,Pleurotus cornucopiae,Съедобен,Basidiomycota,Agaricomycetes,Agaricales,Pleurotaceae,Pleurotus,ВК ,../../articles.php?article_id=2439,2439
34,Вешенка устричная ивовая,Pleurotus ostreatus var. salignus,Съедобен,Basidiomycota,Agaricomycetes,Agaricales,Pleurotaceae,Pleurotus,ЮК ,../../articles.php?article_id=1101,1101
35,Винелла лесная,Wynnella silvicola,Несъедобен,Ascomycota,Pezizomycetes,Pezizales,Helvellaceae,Wynnella,ЮК ,../../articles.php?article_id=2500,2500
36,Волнушка белая,Lactarius pubescens,Съедобен,Basidiomycota,Agaricomycetes,Russulales,Russulaceae,Lactarius,ЮК ВК СК ЗК ,../../articles.php?article_id=42,42
37,Волнушка розовая,Lactarius torminosus,Условносъедобен,Basidiomycota,Agaricomycetes,Russulales,Russulaceae,Lactarius,ВК СК ,../../articles.php?article_id=2350,2350
38,Волоконница беловатая,Inocybe leucoblema,Несъедобен,Basidiomycota,Agaricomycetes,Agaricales,Inocybaceae,Inocybe,ЮК ,../../articles.php?article_id=2521,2521
39,Волоконница земляная,Inocybe geophylla,Ядовит,Basidiomycota,Agaricomycetes,Agaricales,Inocybaceae,Inocybe,ЮК ВК ,../../articles.php?article_id=2509,2509
40,Волоконница Патуйяра,Inocybe patouillardii,Смертельноядовит,Basidiomycota,Agaricomycetes,Cortinariales,Cortinariaceae,Inocybe,ЮК ,../../articles.php?article_id=57,57
41,Волоконница трещиноватая,Inocybe rimosa,Ядовит,Basidiomycota,Agaricomycetes,Agaricales,Inocybaceae,Inocybe,ЮК ,../../articles.php?article_id=2520,2520
42,Вольвариелла красивая,Volvariella speciosa,Съедобен,Basidiomycota,Agaricomycetes,Agaricales,Pluteaceae,Volvariella,ЮК ,../../articles.php?article_id=716,716
43,Вольвариелла маленькая,Volvariella pusilla,Съедобен,Basidiomycota,Agaricomycetes,Agaricales,Pluteaceae,Volvariella,ЮК ,../../articles.php?article_id=795,795
44,Вольвариелла шелковистая,Volvariella bombycina,Съедобен,Basidiomycota,Agaricomycetes,Agaricales,Pluteaceae,Volvariella,ЮК ЦК ВК СК ЗК ,../../articles.php?article_id=2227,2227
45,Вороночник рожковидный,Craterellus cornucopioides,Съедобен,Basidiomycota,Agaricomycetes,Cantharellales,Cantharellaceae,Craterellus,СК ,../../articles.php?article_id=2475,2475
46,Галерина сфагновая,Galerina sphagnorum,Несъедобен,Basidiomycota,Agaricomycetes,Cortinariales,Cortinariaceae,Galerina,ЮК ,../../articles.php?article_id=989,989
47,Галеропсис пустынный,Galeropsis desertorum,Несъедобен,Basidiomycota,Agaricomycetes,Agaricales,Bolbitiaceae,Galeropsis,ЮК ,../../articles.php?article_id=617,617
48,Ганодерма блестящая,Ganoderma lucidum,Несъедобен,Basidiomycota,Basidiomycetes,Polyporales,Ganodermataceae,Ganoderma,ЮК ,../../articles.php?article_id=913,913
49,Гаутиерия горная,Gautieria monticola,Съедобен,Basidiomycota,Agaricomycetes,Gomphales,Gomphaceae,Gautieria,ЮК ,../../articles.php?article_id=2108,2108
50,Гебелома буросрединная,Hebeloma mesophaeum,Несъедобен,Basidiomycota,Agaricomycetes,Agaricales,Strophariaceae,Hebeloma,ЮК СК ВК ,../../articles.php?article_id=2441,2441
51,Гебелома клейкая,Hebeloma crustuliniforme,Несъедобен,Basidiomycota,Agaricomycetes,Cortinariales,Cortinariaceae,Hebeloma,ЮК ЦК СК ВК ЗК ,../../articles.php?article_id=2400,2400
52,Гебелома тополевая,Hebeloma populinum,Несъедобен,Basidiomycota,Agaricomycetes,Agaricales,Strophariaceae,Hebeloma,ЮК ,../../articles.php?article_id=2072,2072
53,Гельвелла белоножковая,Helvella leucopus,Условносъедобен,Ascomycota,Pezizomycetes,Pezizales,Helvellaceae,Helvella,ЮК ,../../articles.php?article_id=702,702
54,Геопиксис угольный,Geopyxis carbonaria,Несъедобен,Ascomycota,Pezizomycetes,Pezizales,Pezizaceae,Geopyxis,ЮК ВК ,../../articles.php?article_id=814,814
55,Геопора листовидная,Geopora foliacea,Несъедобен,Ascomycota,Pezizomycetes,Pezizales,Pyronemataceae,Geopora,ЮК ,../../articles.php?article_id=2066,2066
56,Геопора песчанная,Geopora arenicola,Несъедобен,Ascomycota,Pezizomycetes,Pezizales,Pyronemataceae,Geopora,ЮК ,../../articles.php?article_id=777,777
57,Гигрофор душистый,Hygrophorus agathosmus,Съедобен,Basidiomycota,Agaricomycetes,Agaricales,Hygrophoraceae,Hygrophorus,СК ,../../articles.php?article_id=2457,2457
58,Гигрофор еловый,Hygrophorus piceae,Съедобен,Basidiomycota,Agaricomycetes,Agaricales,Tricholomataceae,Hygrophorus,ЮК ,../../articles.php?article_id=1993,1993
59,Гигрофор луговой,Cuphophyllus pratensis,Съедобен,Basidiomycota,Agaricomycetes,Agaricales,Tricholomataceae,Cuphophyllus,ЮК СК ,../../articles.php?article_id=992,992
60,Гигрофор пятнистый,Hygrophorus pustulatus,Съедобен,Basidiomycota,Agaricomycetes,Agaricales,Hygrophoraceae,Hygrophorus,ВК ,../../articles.php?article_id=2282,2282
61,Гигроцибе багряная,Hygrocybe coccinea,Съедобен,Basidiomycota,Agaricomycetes,Agaricales,Hygrophoraceae,Hygrocybe,ЮК ,../../articles.php?article_id=876,876
62,Гигроцибе белоснежная,Hygrocybe virginea,Несъедобен,Basidiomycota,Agaricomycetes,Agaricales,Hygrophoraceae,Hygrocybe,ЮК ,../../articles.php?article_id=900,900
63,Гигроцибе жёлто-зелёная,Hygrocybe chlorophana,Съедобен,Basidiomycota,Agaricomycetes,Agaricales,Hygrophoraceae,Hygrocybe,ЮК ,../../articles.php?article_id=694,694
64,Гигроцибе коническая,Hygrocybe conica,Несъедобен,Basidiomycota,Agaricomycetes,Agaricales,Hygrophoraceae,Hygrocybe,ЮК СК ВК ,../../articles.php?article_id=812,812
65,Гигроцибе матово-красная,Hygrocybe miniata,Съедобен,Basidiomycota,Agaricomycetes,Agaricales,Hygrophoraceae,Hygrocybe,ЮК ,../../articles.php?article_id=902,902
66,Гигроцибе остроконическая,Hygrocybe persistens,Условносъедобен,Basidiomycota,Agaricomycetes,Agaricales,Hygrophoraceae,Hygrocybe,ЮК СК ,../../articles.php?article_id=688,688
67,Гиднеллум голубой,Hydnellum caeruleum,Несъедобен,Basidiomycota,Agaricomycetes,Thelephorales,Bankeraceae,Hydnellum,СК ,../../articles.php?article_id=2482,2482
68,Гиднеллум оранжевый,Hydnellum aurantiacum,Несъедобен,Basidiomycota,Agaricomycetes,Thelephorales,Bankeraceae,Hydnellum,СК ,../../articles.php?article_id=2481,2481
69,Гиднеллум ржавчинный,Hydnellum ferrugineum,Несъедобен,Basidiomycota,Agaricomycetes,Thelephorales,Bankeraceae,Hydnellum,СК ,../../articles.php?article_id=2351,2351
70,Гимнопил сосновый,Gymnopilus sapineus,Несъедобен,Basidiomycota,Agaricomycetes,Agaricales,Strophariaceae,Gymnopilus,СК ,../../articles.php?article_id=2459,2459
71,Гимнопус лесолюбивый,Gymnopus dryophilus,Условносъедобен,Basidiomycota,Agaricomycetes,Agaricales,Omphalotaceae,Gymnopus,ЮК ,../../articles.php?article_id=687,687
72,Гипоксилон ломкий,Hypoxylon fragiforme,Несъедобен,Ascomycota,Sordariomycetes,Xylariales,Xylariaceae,Hypoxylon,ЮК ,../../articles.php?article_id=1986,1986
73,Гипоксилон многообразный,Hypoxylon multiforme,Несъедобен,Ascomycota,Sordariomycetes,Xylariales,Xylariaceae,Hypoxylon,ЮК ,../../articles.php?article_id=1994,1994
74,Гипомицес зеленый,Hypomyces viridis,Несъедобен,Ascomycota,Sordariomycetes,Hypocreales,Hypocreaceae,Hypomyces,ВК СК ЗК ,../../articles.php?article_id=2389,2389
75,Гипомицес золотисто-споровый,Hypomyces chrysospermus,Съедобен,Ascomycota,Sordariomycetes,Hypocreales,Hypocreaceae,Hypomyces,ЮК ВК СК ЗК ,../../articles.php?article_id=672,672
76,Гипомицес кирпично-красный,Hypomyces lateritus,Съедобен,Ascomycota,Sordariomycetes,Hypocreales,Hypocreaceae,Hypomyces,ЮК ВК СК ЗК ,../../articles.php?article_id=85,85
77,Гипсизигус ильмовый,Hypsizygus ulmarius,Съедобен,Basidiomycota,Agaricomycetes,Agaricales,Lyophyllaceae,Hypsizygus,,../../articles.php?article_id=2431,2431
78,Гирофрагмиум Дунали,Gyrophragmium dunalii,Несъедобен,Basidiomycota,Agaricomycetes,Agaricales,Agaricaceae,Gyrophragmium,ЮК ЗК ,../../articles.php?article_id=2034,2034
79,Глеофиллум заборный,Gloeophyllum sepiarium,Несъедобен,Basidiomycota,Basidiomycetes,Poriales,Coriolaceae,Gloeophyllum,ЮК ВК СК ЗК ,../../articles.php?article_id=816,816
80,Говорушка буро-желтая,Paralepista gilva,Несъедобен,Basidiomycota,Agaricomycetes,Agaricales,Tricholomataceae,Paralepista,СК ,../../articles.php?article_id=2526,2526
81,Говорушка ворончатая,Infundibulicybe gibba,Съедобен,Basidiomycota,Agaricomycetes,Agaricales,Tricholomataceae,Clitocybe,ЮК ВК СК ,../../articles.php?article_id=2423,2423
82,Говорушка восковатая,Clitocybe cerussata,Ядовит,Basidiomycota,Agaricomycetes,Agaricales,Tricholomataceae,Clitocybe,ЮК ,../../articles.php?article_id=707,707
83,Говорушка дымчатая,Clitocybe nebularis,Съедобен,Basidiomycota,Agaricomycetes,Agaricales,Tricholomataceae,Clitocybe,СК ,../../articles.php?article_id=2392,2392
84,Говорушка красноватая,Clitocybe rivulosa,Смертельноядовит,Basidiomycota,Agaricomycetes,Agaricales,Tricholomataceae,Clitocybe,ЮК ,../../articles.php?article_id=2450,2450
85,Говорушка перевернутая,Paralepista flaccida,Съедобен,Basidiomycota,Agaricomycetes,Agaricales,Tricholomataceae,Paralepista,ЮК ,../../articles.php?article_id=2426,2426
86,Головач мешковатый,Calvatia utriformis,Съедобен,Basidiomycota,Agaricomycetes,Agaricales,Agaricaceae,Calvatia,ЮК ЦК ВК СК ЗК ,../../articles.php?article_id=691,691
87,Головач продолговатый,Calvatia excipuliformis,Съедобен,Basidiomycota,Agaricomycetes,Agaricales,Agaricaceae,Calvatia,ЮК ЦК ВК СК ,../../articles.php?article_id=690,690
88,Гриб-зонтик белый,Macrolepiota excoriata,Съедобен,Basidiomycota,Agaricomycetes,Agaricales,Agaricaceae,Macrolepiota,ЮК ,../../articles.php?article_id=132,132
89,Гриб-зонтик краснеющий,Macrolepiota rhacodes,Съедобен,Basidiomycota,Agaricomycetes,Agaricales,Agaricaceae,Macrolepiota,ЮК ,../../articles.php?article_id=2088,2088
90,Груздь настоящий,Lactarius resimus,Съедобен,Basidiomycota,Agaricomycetes,Russulales,Russulaceae,Lactarius,ВК СК ,../../articles.php?article_id=2348,2348
91,Груздь осиновый,Lactarius controversus,Съедобен,Basidiomycota,Agaricomycetes,Russulales,Russulaceae,Lactarius,ЮК СК ,../../articles.php?article_id=86,86
92,Груздь перечный,Lactarius piperatus,Съедобен,Basidiomycota,Agaricomycetes,Russulales,Russulaceae,Lactarius,ЮК СК ВК ,../../articles.php?article_id=2529,2529
93,Груздь черный,Lactarius necator,Съедобен,Basidiomycota,Agaricomycetes,Russulales,Russulaceae,Lactarius,ВК СК ЗК ,../../articles.php?article_id=464,464
94,Гумария полушаровидная,Humaria hemisphaerica,Несъедобен,Ascomycota,Pezizomycetes,Pezizales,Pyronemataceae,Humaria,ЮК ,../../articles.php?article_id=815,815
95,Дакримицес исчезающий,Dacrymyces deliquescens,Несъедобен,Basidiomycota,Agaricomycetes,Dacrymycetales,Dacrymycetaceae,Dacrymyces,ЮК ,../../articles.php?article_id=757,757
96,Дальдиния концентрическая,Daldinia concentrica,Несъедобен,Ascomycota,Sordariomycetes,Xylariales,Xylariaceae,Daldinia,ЮК ЦК ВК СК ЗК ,../../articles.php?article_id=2518,2518
97,Дедалеопсис бугристый,Daedaleopsis confragosa,Несъедобен,Basidiomycota,Agaricomycetes,Polyporales,Polyporaceae,Daedaleopsis,,../../articles.php?article_id=471,471
98,Дедалеопсис трехцветный,Daedaleopsis tricolor,Несъедобен,Basidiomycota,Agaricomycetes,Polyporales,Coriolaceae,Daedaleopsis,ВК СК ,../../articles.php?article_id=797,797
99,Деликатула маленькая,Delicatula integrella,Несъедобен,Basidiomycota,Agaricomycetes,Agaricales,Tricholomataceae,Delicatula,ЮК ,../../articles.php?article_id=825,825
100,Диатрипе клейменная,Diatrype stigma,Несъедобен,Ascomycota,Ascomycetes,Xylariales,Diatrypaceae,Diatrype,ЮК ,../../articles.php?article_id=680,680
101,Дождевик грушевидный,Lycoperdon pyriforme,Съедобен,Basidiomycota,Agaricomycetes,Lycoperdales,Lycoperdaceae,Lycoperdon,ЮК ,../../articles.php?article_id=780,780
102,Дождевик желтоокрашенный,Lycoperdon flavotinctum,Съедобен,Basidiomycota,Agaricomycetes,Agaricales,Lycoperdaceae,Lycoperdon,ЮК ,../../articles.php?article_id=717,717
103,Дождевик Куртиса,Lycoperdon curtisii,Съедобен,Basidiomycota,Agaricomycetes,Lycoperdales,Lycoperdaceae,Lycoperdon,ЮК ,../../articles.php?article_id=775,775
104,Дождевик мягкий,Lycoperdon molle,Условносъедобен,Basidiomycota,Agaricomycetes,Agaricales,Agaricaceae,Lycoperdon,ЮК ,../../articles.php?article_id=2029,2029
105,Дождевик настоящий,Lycoperdon perlatum,Съедобен,Basidiomycota,Agaricomycetes,Lycoperdales,Lycoperdaceae,Lycoperdon,ЮК ,../../articles.php?article_id=91,91
106,Дождевик умбровый,Lycoperdon umbrinum,Съедобен,Basidiomycota,Agaricomycetes,Agaricales,Lycoperdaceae,Lycoperdon,ЮК ,../../articles.php?article_id=73,73
107,Дрожалка листоватая,Tremella foliacea,Съедобен,Basidiomycota,Tremellomycetes,Tremellales,Tremellaceae,Tremella,ЮК ,../../articles.php?article_id=958,958
108,Дрожалка можжевеловая,Gymnosporangium sabinae,Несъедобен,Basidiomycota,Urediniomycetes,Uredinales,Pucciniaceae,Gymnosporangium,ЮК ,../../articles.php?article_id=675,675
109,Дрожалка мозговая,Tremella encephala,Несъедобен,Basidiomycota,Tremellomycetes,Tremellales,Tremellaceae,Tremella,ЮК ,../../articles.php?article_id=961,961
110,Дрожалка оранжевая,Tremella mesenterica,Несъедобен,Basidiomycota,Tremellomycetes,Tremellales,Tremellaceae,Tremella,ЮК ,../../articles.php?article_id=669,669
111,Дрожалка фукусовидная,Tremella fuciformis,Съедобен,Basidiomycota,Tremellomycetes,Tremellales,Tremellaceae,Tremella,ЮК ,../../articles.php?article_id=713,713
112,Дубовик крапчатый,Boletus erythropus,Съедобен,Basidiomycota,Agaricomycetes,Boletales,Boletaceae,Boletus,ЮК ,../../articles.php?article_id=2153,2153
113,Дубовик обыкновенный,Boletus luridus,Съедобен,Basidiomycota,Agaricomycetes,Boletales,Boletaceae,Boletus,ВК СК ЗК ,../../articles.php?article_id=2240,2240
114,Ежовик гребенчатый,Hericium erinaceus,Съедобен,Basidiomycota,Agaricomycetes,Russulales,Hericiaceae,Hericium,СК ,../../articles.php?article_id=2422,2422
115,Ежовик грязно-белый,Phellodon fuligineoalbus,Несъедобен,Basidiomycota,Agaricomycetes,Thelephorales,Bankeraceae,Phellodon,СК ,../../articles.php?article_id=2483,2483
116,Ежовик желтый,Hydnum repandum,Съедобен,Basidiomycota,Agaricomycetes,Cantharellales,Hydnaceae,Hydnum,СК ,../../articles.php?article_id=2396,2396
117,Ежовик черепитчатый,Sarcodon imbricatum,Съедобен,Basidiomycota,Agaricomycetes,Thelephorales,Bankeraceae,Sarcodon,ЮК ВК СК ,../../articles.php?article_id=69,69
118,Еловая губка,Phellinus chrysoloma,Несъедобен,Basidiomycota,Basidiomycetes,Hymenochaetales,Hymenochaetaceae,Phellinus,ЮК ВК СК ЗК ,../../articles.php?article_id=924,924
119,Звездовик бахромчатый,Geastrum fimbriatum,Съедобен,Basidiomycota,Agaricomycetes,Phallales,Geastraceae,Geastrum,ЮК ,../../articles.php?article_id=830,830
120,Звездовик гребенчатый,Geastrum pectinatum,Несъедобен,Basidiomycota,Agaricomycetes,Phallales,Geastraceae,Geastrum,ЮК ,../../articles.php?article_id=832,832
121,Звездовик маленький,Geastrum minimum,Несъедобен,Basidiomycota,Agaricomycetes,Phallomycetidae,Geastraceae,Geastrum,ЮК ,../../articles.php?article_id=772,772
122,Звездовик полевой,Geastrum campestre,Несъедобен,Basidiomycota,Agaricomycetes,Phallomycetidae,Geastraceae,Geastrum,ЮК СК ,../../articles.php?article_id=2446,2446
123,Звездовик цветковидный,Geastrum floriforme,Несъедобен,Basidiomycota,Agaricomycetes,Phallomycetidae,Geastraceae,Geastrum,ЮК ЦК ВК СК ,../../articles.php?article_id=2445,2445
124,Звездовик черноголовый,Geastrum melanocephalum,Несъедобен,Basidiomycota,Agaricomycetes,Phallales,Geastraceae,Geastrum,ЮК ,../../articles.php?article_id=773,773
125,Звездовик четырехлопастной,Geastrum quadrifidum,Несъедобен,Basidiomycota,Agaricomycetes,Phallales,Geastraceae,Geastrum,ЮК ,../../articles.php?article_id=829,829
126,Зонтик коричнево-красный,Lepiota brunneoincarnata,Смертельноядовит,Basidiomycota,Agaricomycetes,Agaricales,Agaricaceae,Lepiota,ЮК ,../../articles.php?article_id=157,157
127,Ирпекс молочно-белый,Irpex lacteus,Несъедобен,Basidiomycota,Basidiomycetes,Stereales,Steccherinaceae,Irpex,ЮК ,../../articles.php?article_id=1186,1186
128,Калосцифа блестящая,Caloscypha fulgens,Несъедобен,Ascomycota,Pezizomycetes,Pezizomycetidae,Pezizales,Caloscypha,ЮК ВК ,../../articles.php?article_id=696,696
129,Калоцера роговидная,Calocera cornea,Съедобен,Basidiomycota,Dacrymycetes,Dacrymycetales,Dacrymycetaceae,Calocera,ЮК ,../../articles.php?article_id=2507,2507
130,Клавариадельфус пестиковый,Clavariadelphus pistillaris,Съедобен,Basidiomycota,Agaricomycetes,Gomphales,Gomphaceae,Clavariadelphus,ВК СК ,../../articles.php?article_id=2523,2523
131,Клавария дымчатая,Clavaria fumosa,Несъедобен,Basidiomycota,Agaricomycetes,Cantharellales,Clavariaceae,Clavaria,ЮК ,../../articles.php?article_id=800,800
132,Клавария хрупкая,Clavaria fragilis,Съедобен,Basidiomycota,Agaricomycetes,Cantharellales,Clavulinaceae,Clavaria,ЮК ,../../articles.php?article_id=701,701
133,Клавикорона крыночковидная,Clavicorona pyxidata,Несъедобен,Basidiomycota,Agaricomycetes,Russulales,Amylostereaceae,Artomyces,ЮК ВК СК ,../../articles.php?article_id=760,760
134,Клавулина морщинистая,Clavulina rugosa,Съедобен,Basidiomycota,Agaricomycetes,Cantharellales,Clavulinaceae,Clavulina,ЮК ,../../articles.php?article_id=813,813
135,Клавулина пепельно-серая,Clavulina cinerea,Съедобен,Basidiomycota,Agaricomycetes,Cantharellales,Clavulinaceae,Clavulina,СК ,../../articles.php?article_id=2485,2485
136,Климакодон красивейший,Climacodon pulcherrimus,Несъедобен,Basidiomycota,Agaricomycetes,Polyporales,Phanerochaetaceae,Climacodon,СК ,../../articles.php?article_id=2379,2379
137,Козляк,Suillus bovinus,Съедобен,Basidiomycota,Basidiomycetes,Boletales,Boletaceae,Suillus,СК ВК ,../../articles.php?article_id=2479,2479
138,Коллибия каштановая,Collybia butyracea,Съедобен,Basidiomycota,Agaricomycetes,Agaricales,Tricholomataceae,Collybia,СК ,../../articles.php?article_id=2340,2340
139,Коллибия пятнистая,Collybia maculata,Несъедобен,Basidiomycota,Agaricomycetes,Agaricales,Tricholomataceae,Collybia,СК ,../../articles.php?article_id=2489,2489
140,Крепидот изменчивый,Crepidotus variabilis,Съедобен,Basidiomycota,Agaricomycetes,Agaricales,Pleurotaceae,Crepidotus,ЮК ,../../articles.php?article_id=144,144
141,Ксилария гипоксилон,Xylaria hypoxylon,Несъедобен,Ascomycota,Sordariomycetes,Xylariales,Xylariaceae,Xylaria,ЮК ,../../articles.php?article_id=721,721
142,Ксилярия многообразная,Xylaria polymorpha,Несъедобен,Ascomycota,Eurotiomycetes,Chaetothyriales,Ceramothyrium,Xylaria,ЮК ,../../articles.php?article_id=2449,2449
143,Кудониелла гвоздиковидная,Cudoniella clavus,Несъедобен,Ascomycota,Leotiomycetes,Leotiales,Leotiaceae,Cudoniella,ЮК ,../../articles.php?article_id=1109,1109
144,Кудония закрученная,Cudonia circinans,Несъедобен,Ascomycota,Leotiomycetes,Helotiales,Cudoniaceae,Cudonia,ЮК ВК ,../../articles.php?article_id=818,818
145,Лаковица двухцветная,Laccaria bicolor,Съедобен,Basidiomycota,Agaricomycetes,Agaricales,Hydnangiaceae,Laccaria,ЦК ВК СК ЗК ,../../articles.php?article_id=2256,2256
146,Лаковица крученая,Laccaria tortilis,Несъедобен,Basidiomycota,Agaricomycetes,Agaricales,Hydnangiaceae,Laccaria,ЮК ,../../articles.php?article_id=2341,2341
147,Лаковица розовая,Laccaria laccata,Съедобен,Basidiomycota,Basidiomycetes,Agaricales,Hydnangiaceae,Laccaria,СК ,../../articles.php?article_id=738,738
148,Лакримария бархатистая,Lacrymaria lacrymabunda,Несъедобен,Basidiomycota,Agaricomycetes,Agaricales,Psathyrellaceae,Lacrymaria,ЮК ,../../articles.php?article_id=2517,2517
149,Лангерманния гигантская,Langermannia gigantea,Съедобен,Basidiomycota,Agaricomycetes,Agaricales,Agaricaceae,Langermannia,ЮК ВК ,../../articles.php?article_id=71,71
150,Лахнум двухцветный,Lachnum bicolor,Несъедобен,Ascomycota,Ascomycetes,Helotiales,Hyaloscyphaceae,Lachnum,ЮК ,../../articles.php?article_id=769,769
151,Лахнум подбеленный,Lachnum subvirgineum,Несъедобен,Basidiomycota,Agaricomycetes,Helotiales,Hyaloscyphaceae,Lachnum,ЮК ,../../articles.php?article_id=1110,1110
152,Лентинус щетинистый,Lentinus strigosus,Съедобен,Basidiomycota,Agaricomycetes,Polyporales,Polyporaceae,Lentinus,ВК ,../../articles.php?article_id=2241,2241
153,Лепиота гребенчатая,Lepiota cristata,Несъедобен,Basidiomycota,Agaricomycetes,Agaricales,Agaricaceae,Lepiota,ЮК ,../../articles.php?article_id=956,956
154,Лепиота кошачья,Lepiota felina,Несъедобен,Basidiomycota,Agaricomycetes,Agaricales,Agaricaceae,Lepiota,ЮК ,../../articles.php?article_id=158,158
155,Лепиота розоватая,Lepiota subincarnata,Смертельноядовит,Basidiomycota,Agaricomycetes,Agaricales,Agaricaceae,Lepiota,ЮК ,../../articles.php?article_id=2019,2019
156,Лепиота щитковая,Lepiota clypeolaria,Съедобен,Basidiomycota,Agaricomycetes,Agaricales,Agaricaceae,Lepiota,ЮК ВК ,../../articles.php?article_id=2374,2374
157,Лептопорус мягкий,Leptoporus mollis,Несъедобен,Basidiomycota,Basidiomycetes,Polyporales,Poriaceae,Leptoporus,ЮК ,../../articles.php?article_id=892,892
158,Леукопаксиллус белоснежный,Leucopaxillus candidus,Съедобен,Basidiomycota,Agaricomycetes,Agaricales,Tricholomataceae,Leucopaxillus,ЮК ,../../articles.php?article_id=70,70
159,Леукопаксиллус лепистовидный,Leucopaxillus lepistoides,Съедобен,Basidiomycota,Agaricomycetes,Agaricales,Tricholomataceae,Leucopaxillus,ЮК ,../../articles.php?article_id=121,121
160,Лимацелла клейкая,Limacella delicata,Съедобен,Basidiomycota,Agaricomycetes,Agaricales,Amanitaceae,Limacella,СК ,../../articles.php?article_id=2511,2511
161,Лимацелла масляная,Limacella illinita,Съедобен,Basidiomycota,Agaricomycetes,Agaricales,Amanitaceae,Limacella,ВК СК ,../../articles.php?article_id=2378,2378
162,Лиофиллум сросшийся,Lyophyllum connatum,Съедобен,Basidiomycota,Agaricomycetes,Agaricales,Lyophyllaceae,Lyophyllum,ЮК СК ,../../articles.php?article_id=2467,2467
163,Лисичка бледная,Cantharellus pallens,Съедобен,Basidiomycota,Agaricomycetes,Cantharellales,Cantharellaceae,Cantharellus,СК ,../../articles.php?article_id=2477,2477
164,Лисичка желтеющая,Cantharellus lutescens,Съедобен,Basidiomycota,Agaricomycetes,Cantharellales,Cantharellaceae,Cantharellus,СК ,../../articles.php?article_id=2476,2476
165,Лисичка ложная,Hygrophoropsis aurantiaca,Съедобен,Basidiomycota,Agaricomycetes,Boletales,Hygrophoropsidaceae,Hygrophoropsis,ЮК ,../../articles.php?article_id=2155,2155
166,Лисичка настоящая,Cantharellus cibarius,Съедобен,Basidiomycota,Agaricomycetes,Cantharellales,Cantharellaceae,Cantharellus,ВК СК ,../../articles.php?article_id=5,5
167,Ложнодождевик обыкновенный,Scleroderma aurantium,Ядовит,Basidiomycota,Agaricomycetes,Boletales,Sclerodermataceae,Scleroderma,ЮК ВК СК ЗК ,../../articles.php?article_id=2151,2151
168,Ложноопенок сернисто-желтый,Hypholoma fasciculare,Несъедобен,Basidiomycota,Agaricomycetes,Agaricales,Strophariaceae,Hypholoma,ЮК ,../../articles.php?article_id=61,61
169,Лопастник бокальчатый,Helvella acetabulum,Условносъедобен,Ascomycota,Pezizomycetes,Pezizales,Helvellaceae,Helvella,ЮК ЦК СК ,../../articles.php?article_id=722,722
170,Лопастник кожистый,Helvella corium,Несъедобен,Ascomycota,Pezizomycetes,Pezizales,Helvellaceae,Helvella,ЮК ,../../articles.php?article_id=2065,2065
171,Лопастник крапчатый,Helvella maculata,Условносъедобен,Ascomycota,Pezizomycetes,Pezizales,Helvellaceae,Helvella,ЮК ,../../articles.php?article_id=1164,1164
172,Лопастник курчавый,Helvella crispa,Условносъедобен,Ascomycota,Pezizomycetes,Pezizales,Helvellaceae,Helvella,ЮК ,../../articles.php?article_id=788,788
173,Лопастник плюсковидный,Helvella cupuliformis,Несъедобен,Ascomycota,Pezizomycetes,Pezizales,Helvellaceae,Helvella,ЮК ,../../articles.php?article_id=2498,2498
174,Лопастник ребристый,Helvella costifera,Съедобен,Ascomycota,Pezizomycetes,Pezizales,Helvellaceae,Helvella,ЮК ,../../articles.php?article_id=664,664
175,Лопастник упругий,Helvella elastica,Условносъедобен,Ascomycota,Pezizomycetes,Pezizales,Helvellaceae,Helvella,ЮК ,../../articles.php?article_id=755,755
176,Лопастник ямчатый,Helvella lacunosa,Съедобен,Ascomycota,Pezizomycetes,Pezizales,Helvellaceae,Helvella,ЮК ,../../articles.php?article_id=541,541
177,Майский гриб,Calocybe gambosa,Съедобен,Basidiomycota,Agaricomycetes,Agaricales,Lyophyllaceae,Calocybe,ЮК ,../../articles.php?article_id=55,55
178,Масленок желто-бурый,Suillus variegatus,Съедобен,Basidiomycota,Basidiomycetes,Boletales,Boletaceae,Suillus,ВК СК ,../../articles.php?article_id=1973,1973
179,Масленок зернистый,Suillus granulatus,Съедобен,Basidiomycota,Basidiomycetes,Boletales,Boletaceae,Suillus,ЮК ВК СК ЗК ,../../articles.php?article_id=56,56
180,Масленок лиственничный,Suillus grevillei,Съедобен,Basidiomycota,Basidiomycetes,Boletales,Boletaceae,Suillus,ВК ,../../articles.php?article_id=2468,2468
181,Масленок обыкновенный,Suillus luteus,Съедобен,Basidiomycota,Basidiomycetes,Boletales,Boletaceae,Suillus,ЮК ВК СК ЗК ,../../articles.php?article_id=11,11
182,Масленок серый,Suillus aeruginascens,Съедобен,Basidiomycota,Agaricomycetes,Boletales,Suillaceae,Suillus,ЮК ,../../articles.php?article_id=13,13
183,Мегаколлибия широкопластинч...,Megacollybia platyphylla,Съедобен,Basidiomycota,Agaricomycetes,Agaricales,Tricholomataceae,Megacollybia,ЮК ,../../articles.php?article_id=666,666
184,Меланогастер Брума,Melanogaster broomeanus,Несъедобен,Basidiomycota,Agaricomycetes,Boletales,Melanogastraceae,Melanogaster,ЮК ,../../articles.php?article_id=2090,2090
185,Меланолейка полосатоножковая,Melanoleuca grammopodia,Съедобен,Basidiomycota,Agaricomycetes,Agaricales,Tricholomataceae,Melanoleuca,ЮК ,../../articles.php?article_id=113,113
186,Меланолеука альпийская,Melanoleuca subalpina,Съедобен,Basidiomycota,Agaricomycetes,Agaricales,Tricholomataceae,Melanoleuca,ЮК ,../../articles.php?article_id=758,758
187,Меланолеука черно-белая,Melanoleuca melaleuca,Съедобен,Basidiomycota,Agaricomycetes,Agaricales,Tricholomataceae,Melanoleuca,ЮК ,../../articles.php?article_id=736,736
188,Микростома вытянутая,Microstoma protractum,Несъедобен,Ascomycota,Pezizomycetes,Pezizales,Sarcoscyphaceae,Microstoma,ЮК ВК ,../../articles.php?article_id=2503,2503
189,Мицена белая,Mycena alba,Несъедобен,Basidiomycota,Agaricomycetes,Agaricales,Mycenaceae,Mycena,ЮК ,../../articles.php?article_id=910,910
190,Мицена беломлечная,Mycena galopus,Несъедобен,Basidiomycota,Agaricomycetes,Agaricales,Mycenaceae,Mycena,ЮК ,../../articles.php?article_id=1162,1162
191,Мицена витая,Mycena speirea,Несъедобен,Basidiomycota,Agaricomycetes,Agaricales,Mycenaceae,Mycena,ЮК ,../../articles.php?article_id=2148,2148
192,Мицена желтоокаймленная,Mycena citrinomarginata,Несъедобен,Basidiomycota,Agaricomycetes,Agaricales,Mycenaceae,Mycena,ЮК ,../../articles.php?article_id=2371,2371
193,Мицена игловидная,Mycena acicula,Несъедобен,Basidiomycota,Agaricomycetes,Agaricales,Mycenaceae,Mycena,ЮК ,../../articles.php?article_id=737,737
194,Мицена кровавая,Mycena haematopus,Несъедобен,Basidiomycota,Agaricomycetes,Agaricales,Mycenaceae,Mycena,ЮК ,../../articles.php?article_id=677,677
195,Мицена птичья,Mycena pterigena,Несъедобен,Basidiomycota,Agaricomycetes,Agaricales,Mycenaceae,Mycena,ЮК ,../../articles.php?article_id=1121,1121
196,Мицена тонкошляпковая,Mycena leptocephala,Несъедобен,Basidiomycota,Agaricomycetes,Agaricales,Mycenaceae,Mycena,ЮК ,../../articles.php?article_id=991,991
197,Мицена Черного Леса,Mycena silvae-nigrae,Несъедобен,Basidiomycota,Agaricomycetes,Agaricales,Mycenaceae,Mycena,ЮК ,../../articles.php?article_id=904,904
198,Мицена чистая,Mycena pura,Ядовит,Basidiomycota,Agaricomycetes,Agaricales,Mycenaceae,Mycena,ЮК ,../../articles.php?article_id=2385,2385
199,Мицена щелочная,Mycena strobilicola,Несъедобен,Basidiomycota,Agaricomycetes,Agaricales,Mycenaceae,Mycena,ЮК ,../../articles.php?article_id=662,662
200,Миценаструм толстокожий,Mycenastrum corium,Несъедобен,Basidiomycota,Agaricomycetes,Agaricales,Agaricaceae,Mycenastrum,ЮК ЦК ВК СК ЗК ,../../articles.php?article_id=2288,2288
201,Млечник извилистый,Lactarius flexuosus,Съедобен,Basidiomycota,Agaricomycetes,Russulales,Russulaceae,Lactarius,ВК СК ,../../articles.php?article_id=1999,1999
202,Млечник каштаново-красный,Lactarius badiosanguineus,Съедобен,Basidiomycota,Agaricomycetes,Russulales,Russulaceae,Lactarius,ЮК ,../../articles.php?article_id=2465,2465
203,Млечник обыкновенный,Lactarius trivialis,Съедобен,Basidiomycota,Agaricomycetes,Russulales,Russulaceae,Lactarius,ВК СК ,../../articles.php?article_id=2393,2393
204,Мокруха пурпуровая,Chroogomphus rutilus,Съедобен,Basidiomycota,Agaricomycetes,Boletales,Gomphidiaceae,Chroogomphus,ВК СК ЗК ,../../articles.php?article_id=2113,2113
205,Мокруха розовая,Gomphidius roseus,Съедобен,Basidiomycota,Agaricomycetes,Boletales,Gomphidiaceae,Gomphidius,СК ,../../articles.php?article_id=2480,2480
206,Моллизия водолюбивая,Mollisia hydrophila,Несъедобен,Ascomycota,Sordariomycetes,Leotiales,Dermateaceae,Mollisia,ЮК ,../../articles.php?article_id=1131,1131
207,Монтанея песчаная,Montagnea arenaria,Несъедобен,Basidiomycota,Agaricomycetes,Agaricales,Agaricaceae,Montagnea,ЮК ,../../articles.php?article_id=684,684
208,Моховик красный,Xerocomus rubellus,Съедобен,Basidiomycota,Basidiomycetes,Boletales,Boletaceae,Xerocomus,ЮК ВК СК ЗК ,../../articles.php?article_id=142,142
209,Моховик трещиноватый,Xerocomus chrysenteron,Съедобен,Basidiomycota,Basidiomycetes,Boletales,Boletaceae,Xerocomus,ВК СК ,../../articles.php?article_id=2271,2271
210,Мутинус собачий,Mutinus caninus,Несъедобен,Basidiomycota,Agaricomycetes,Phallales,Phallaceae,Mutinus,ЮК ,../../articles.php?article_id=2097,2097
211,Мухомор королевский,Amanita regalis,Ядовит,Basidiomycota,Agaricomycetes,Agaricales,Amanitaceae,Amanita,ВК СК ,../../articles.php?article_id=2470,2470
212,Мухомор красный,Amanita muscaria,Ядовит,Basidiomycota,Agaricomycetes,Agaricales,Amanitaceae,Amanita,ВК СК ЗК ,../../articles.php?article_id=413,413
213,Мухомор пантерный,Amanita pantherina,Ядовит,Basidiomycota,Agaricomycetes,Agaricales,Amanitaceae,Amanita,СК ,../../articles.php?article_id=2488,2488
214,Мухомор поганковидный,Amanita citrina,Ядовит,Basidiomycota,Agaricomycetes,Agaricales,Amanitaceae,Amanita,ВК СК ,../../articles.php?article_id=423,423
215,Навозник белоснежный,Coprinopsis nivea,Несъедобен,Basidiomycota,Agaricomycetes,Agaricales,Coprinaceae,Coprinus,ЮК ,../../articles.php?article_id=618,618
216,Навозник белый,Coprinus comatus,Съедобен,Basidiomycota,Agaricomycetes,Agaricales,Coprinaceae,Coprinus,ЮК ВК СК ЗК ,../../articles.php?article_id=89,89
217,Навозник гладкоголовый,Parasola leiocephala,Несъедобен,Basidiomycota,Agaricomycetes,Agaricales,Psathyrellaceae,Parasola,ЮК ,../../articles.php?article_id=674,674
218,Навозник домашний,Coprinus domesticus,Несъедобен,Basidiomycota,Agaricomycetes,Agaricales,Psathyrellaceae,Coprinellus,ЮК ,../../articles.php?article_id=2149,2149
219,Навозник мерцающий,Coprinus micaceus,Съедобен,Basidiomycota,Agaricomycetes,Agaricales,Coprinaceae,Coprinus,ЮК ВК СК ЗК ,../../articles.php?article_id=466,466
220,Навозник рассеянный,Coprinellus disseminatus,Несъедобен,Basidiomycota,Agaricomycetes,Agaricales,Coprinaceae,Coprinus,ЮК ,../../articles.php?article_id=2007,2007
221,Навозник серый,Coprinus atramentarius,Съедобен,Basidiomycota,Agaricomycetes,Agaricales,Coprinaceae,Coprinus,ЮК ,../../articles.php?article_id=140,140
222,Навозник складчатый,Coprinus plicatilis,Несъедобен,Basidiomycota,Agaricomycetes,Agaricales,Coprinaceae,Coprinus,ЮК ,../../articles.php?article_id=943,943
223,Навозничек чистый,Coprinellus heptemerus,Несъедобен,Basidiomycota,Agaricomycetes,Agaricales,Psathyrellaceae,Coprinellus,ЮК ,../../articles.php?article_id=2014,2014
224,Негниючник сухой,Marasmius siccus,Несъедобен,Basidiomycota,Agaricomycetes,Agaricales,Marasmiaceae,Marasmius,ЮК ВК СК ,../../articles.php?article_id=1191,1191
225,Негниючник ярко-белый,Marasmiellus candidus,Несъедобен,Basidiomycota,Agaricomycetes,Agaricales,Marasmiaceae,Marasmiellus,ЮК ,../../articles.php?article_id=2003,2003
226,Нектрия киноварно-красная,Nectria cinnabarina,Несъедобен,Ascomycota,Sordariomycetes,Hypocreales,Hypocreaceae,Nectria,ЮК ,../../articles.php?article_id=1115,1115
227,Неодасисцифа восковатая,Neodasyscypha cerina,Несъедобен,Ascomycota,Leotiomycetes,Leotiales,Hyaloscyphaceae,Neodasyscypha,ЮК ,../../articles.php?article_id=1119,1119
228,Олигопорус серо-белый,Oligoporus tephroleucus,Несъедобен,Basidiomycota,Basidiomycetes,Polyporales,Rigidoporaceae,Oligoporus,ЮК ,../../articles.php?article_id=923,923
229,Олигопорус синевато-серый,Oligoporus caesius,Несъедобен,Basidiomycota,Basidiomycetes,Polyporales,Rigidoporaceae,Oligoporus,ЮК ,../../articles.php?article_id=915,915
230,Онигена птичья,Onygena corvina,Несъедобен,Ascomycota,Eurotiomycetes,Onygenales,Onygenaceae,Onygena,ЮК ,../../articles.php?article_id=2144,2144
231,Опенок весенний,Kuehneromyces vernalis,Съедобен,Basidiomycota,Agaricomycetes,Agaricales,Strophariaceae,Kuehneromyces,ЮК ,../../articles.php?article_id=1193,1193
232,Опенок желто-красный,Tricholomopsis rutilans,Условносъедобен,Basidiomycota,Agaricomycetes,Agaricales,Tricholomataceae,Tricholomopsis,ЮК ,../../articles.php?article_id=45,45
233,Опенок зимний,Flammulina velutipes,Съедобен,Basidiomycota,Agaricomycetes,Agaricales,Physalacriaceae,Flammulina,ЮК ,../../articles.php?article_id=458,458
234,Опенок летний,Kuehneromyces mutabilis,Съедобен,Basidiomycota,Agaricomycetes,Agaricales,Strophariaceae,Kuehneromyces,ЮК ,../../articles.php?article_id=60,60
235,Опенок луговой,Marasmius oreades,Съедобен,Basidiomycota,Agaricomycetes,Agaricales,Marasmiaceae,Marasmius,,../../articles.php?article_id=660,660
236,Опенок осенний,Armillariella mellea,Съедобен,Basidiomycota,Agaricomycetes,Agaricales,Tricholomataceae,Armillaria,ЮК ,../../articles.php?article_id=84,84
237,Отидея близкая,Otidea propinquata,Несъедобен,Ascomycota,Pezizomycetes,Pezizales,Pyronemataceae,Otidea,ЮК ,../../articles.php?article_id=2499,2499
238,Отидея заячья,Otidea leporina,Съедобен,Ascomycota,Pezizomycetes,Pezizales,Otideaceae,Otidea,ЮК ВК ,../../articles.php?article_id=820,820
239,Панеллюс вяжущий,Panellus stypticus,Несъедобен,Basidiomycota,Agaricomycetes,Agaricales,Pleurotaceae,Panellus,ВК ,../../articles.php?article_id=919,919
240,Паутинник аномальный,Cortinarius anomalus,Съедобен,Basidiomycota,Agaricomycetes,Agaricales,Cortinariaceae,Cortinarius,ЮК ВК ,../../articles.php?article_id=2495,2495
241,Паутинник багряный,Cortinarius purpurascens,Съедобен,Basidiomycota,Agaricomycetes,Agaricales,Cortinariaceae,Cortinarius,ЮК ВК ,../../articles.php?article_id=2344,2344
242,Паутинник буро-охристый,Cortinarius fulvoochrascens,Условносъедобен,Basidiomycota,Agaricomycetes,Agaricales,Cortinariaceae,Cortinarius,ЮК ,../../articles.php?article_id=2443,2443
243,Паутинник двукольцовый,Cortinarius bivelus,Несъедобен,Basidiomycota,Agaricomycetes,Agaricales,Cortinariaceae,Cortinarius,СК ,../../articles.php?article_id=2484,2484
244,Паутинник дрожащий,Cortinarius vibratilis,Несъедобен,Basidiomycota,Agaricomycetes,Agaricales,Cortinariaceae,Cortinarius,ЮК ,../../articles.php?article_id=2494,2494
245,Паутинник закатный,Cortinarius solis-occasus,Съедобен,Basidiomycota,Agaricomycetes,Agaricales,Cortinariaceae,Cortinarius,ЮК ,../../articles.php?article_id=2451,2451
246,Паутинник изменчивый,Cortinarius varius,Условносъедобен,Basidiomycota,Agaricomycetes,Agaricales,Cortinariaceae,Cortinarius,ЮК ВК ,../../articles.php?article_id=2444,2444
247,Паутинник лимонно-желтый,Cortinarius limonius,Ядовит,Basidiomycota,Agaricomycetes,Agaricales,Cortinariaceae,Cortinarius,ЮК ,../../articles.php?article_id=2496,2496
248,Паутинник медно-красный,Cortinarius cupreorufus,Несъедобен,Basidiomycota,Agaricomycetes,Agaricales,Cortinariaceae,Cortinarius,ЮК ,../../articles.php?article_id=2428,2428
249,Паутинник многообразный,Cortinarius multiformis,Съедобен,Basidiomycota,Agaricomycetes,Agaricales,Cortinariaceae,Cortinarius,ЮК ,../../articles.php?article_id=36,36
250,Паутинник надломленный,Cortinarius infractus,Ядовит,Basidiomycota,Agaricomycetes,Agaricales,Cortinariaceae,Cortinarius,ЮК ,../../articles.php?article_id=2452,2452
251,Паутинник намазаный,Cortinarius delibutus,Условносъедобен,Basidiomycota,Agaricomycetes,Agaricales,Cortinariaceae,Cortinarius,ЮК ,../../articles.php?article_id=2291,2291
252,Паутинник обыкновенный,Cortinarius trivialis,Несъедобен,Basidiomycota,Agaricomycetes,Agaricales,Cortinariaceae,Cortinarius,ВК ЮК ,../../articles.php?article_id=2372,2372
253,Паутинник олений,Cortinarius hinnuleus,Несъедобен,Basidiomycota,Agaricomycetes,Agaricales,Cortinariaceae,Cortinarius,ЮК ,../../articles.php?article_id=2512,2512
254,Паутинник полуволосистый,Cortinarius hemitrichus,Несъедобен,Basidiomycota,Agaricomycetes,Agaricales,Cortinariaceae,Cortinarius,ВК СК ,../../articles.php?article_id=2111,2111
255,Паутинник превращающийся,Cortinarius transiens,Несъедобен,Basidiomycota,Agaricomycetes,Agaricales,Cortinariaceae,Cortinarius,ЮК ,../../articles.php?article_id=2492,2492
256,Паутинник пряный,Cortinarius percomis,Несъедобен,Basidiomycota,Agaricomycetes,Agaricales,Cortinariaceae,Cortinarius,ЮК ,../../articles.php?article_id=2442,2442
257,Паутинник светящийся,Cortinarius illuminus,Несъедобен,Basidiomycota,Agaricomycetes,Agaricales,Cortinariaceae,Cortinarius,ЮК ,../../articles.php?article_id=2436,2436
258,Паутинник серебристошляпковый,Cortinarius argenteopileatus,Несъедобен,Basidiomycota,Agaricomycetes,Agaricales,Cortinariaceae,Cortinarius,ЮК ВК СК ,../../articles.php?article_id=2456,2456
259,Паутинник сизоножковый,Cortinarius glaucopus,Съедобен,Basidiomycota,Agaricomycetes,Agaricales,Cortinariaceae,Cortinarius,ЮК СК ,../../articles.php?article_id=2435,2435
260,Паутинник слизистый,Cortinarius mucosus,Съедобен,Basidiomycota,Agaricomycetes,Agaricales,Cortinariaceae,Cortinarius,ЮК ВК СК ,../../articles.php?article_id=2473,2473
261,Паутинник собачий,Cortinarius caninus,Съедобен,Basidiomycota,Agaricomycetes,Agaricales,Cortinariaceae,Cortinarius,ЮК ,../../articles.php?article_id=2491,2491
262,Паутинник триумфальный,Cortinarius triumphans,Съедобен,Basidiomycota,Agaricomycetes,Agaricales,Cortinariaceae,Cortinarius,ЮК ВК СК ,../../articles.php?article_id=2510,2510
263,Паутинник тусклый,Cortinarius saturninus,Несъедобен,Basidiomycota,Agaricomycetes,Agaricales,Cortinariaceae,Cortinarius,ЮК ,../../articles.php?article_id=2497,2497
264,Паутинник фиолетовый,Cortinarius violaceus,Съедобен,Basidiomycota,Agaricomycetes,Cortinariales,Cortinariaceae,Cortinarius,ЮК ,../../articles.php?article_id=64,64
265,Паутинник чернопоясковый,Cortinarius melanotus,Ядовит,Basidiomycota,Agaricomycetes,Agaricales,Cortinariaceae,Cortinarius,ЮК ,../../articles.php?article_id=2493,2493
266,Паутинник шафрановый,Cortinarius croceus,Несъедобен,Basidiomycota,Agaricomycetes,Agaricales,Cortinariaceae,Cortinarius,СК ,../../articles.php?article_id=2463,2463
267,Пестрец конский,Panaeolus solidipes,Галлюциногенный,Basidiomycota,Agaricomycetes,Agaricales,Strophariaceae,Panaeolus,ЮК ЦК ВК СК ЗК ,../../articles.php?article_id=124,124
268,Пестрец мотыльковый,Panaeolus papilionaceus,Галлюциногенный,Basidiomycota,Agaricomycetes,Agaricales,Strophariaceae,Panaeolus,ЮК ,../../articles.php?article_id=692,692
269,Пестрец полуяйцевидный,Panaeolus semiovatus,Несъедобен,Basidiomycota,Agaricomycetes,Agaricales,Psathyrellaceae,Panaeolus,ЮК ВК СК ,../../articles.php?article_id=2508,2508
270,Пецица коричневая,Peziza badia,Съедобен,Ascomycota,Pezizomycetes,Pezizales,Pezizaceae,Peziza,ЮК ,../../articles.php?article_id=105,105
271,Пецица подвальная,Peziza cerea,Несъедобен,Ascomycota,Pezizomycetes,Pezizales,Pezizaceae,Peziza,ЮК ЦК ВК СК ЗК ,../../articles.php?article_id=653,653
272,Пецица пузырчатая,Peziza vesiculosa,Условносъедобен,Ascomycota,Pezizomycetes,Pezizales,Pezizaceae,Peziza,ЮК ,../../articles.php?article_id=611,611
273,Пилолистник бокаловидный,Neolentinus cyathiformis,Съедобен,Basidiomycota,Basidiomycetes,Polyporales,Polyporaceae,Lentinus,ЮК ,../../articles.php?article_id=2207,2207
274,Пилолистник бороздчатый,Heliocybe sulcata,Несъедобен,Basidiomycota,Agaricomycetes,Polyporales,Polyporaceae,Heliocybe,СК ,../../articles.php?article_id=2292,2292
275,Пилолистник волчий,Lentinellus vulpinus,Условносъедобен,Basidiomycota,Basidiomycetes,Polyporales,Polyporaceae,Lentinus,ЮК ,../../articles.php?article_id=2209,2209
276,Пилолистник тигровый,Lentinus tigrinus,Съедобен,Basidiomycota,Basidiomycetes,Polyporales,Polyporaceae,Lentinus,ЮК ВК ЦК СК ЗК ,../../articles.php?article_id=179,179
277,Пилолистник чешуйчатый,Neolentinus lepideus,Съедобен,Basidiomycota,Agaricomycetes,Gloeophyllales,Gloeophyllaceae,Neolentinus,ЮК ЦК ВК СК ,../../articles.php?article_id=2534,2534
278,Плютей львино-желтый,Pluteus leoninus,Условносъедобен,Basidiomycota,Agaricomycetes,Agaricales,Pluteaceae,Pluteus,СК ,../../articles.php?article_id=2438,2438
279,Плютей олений,Pluteus cervinus,Съедобен,Basidiomycota,Agaricomycetes,Agaricales,Amanitaceae,Pluteus,ЮК ВК СК ЗК ,../../articles.php?article_id=175,175
280,Плютей Ромелля,Pluteus romellii,Несъедобен,Basidiomycota,Agaricomycetes,Agaricales,Pluteaceae,Pluteus,ЮК ,../../articles.php?article_id=2150,2150
281,Подаксис пестичный,Podaxis pistillaris,Несъедобен,Basidiomycota,Agaricomycetes,Agaricales,Agaricaceae,Podaxis,,../../articles.php?article_id=685,685
282,Подберезовик болотный,Leccinum holopus,Съедобен,Basidiomycota,Agaricomycetes,Boletales,Boletaceae,Leccinum,ЮК СК ,../../articles.php?article_id=37,37
283,Подберезовик обыкновенный,Leccinum scabrum,Съедобен,Basidiomycota,Basidiomycetes,Boletales,Boletaceae,Leccinum,ЮК ,../../articles.php?article_id=58,58
284,Подберезовик розовеющий,Leccinum oxydabile,Съедобен,Basidiomycota,Basidiomycetes,Boletales,Boletaceae,Leccinum,СК ВК ,../../articles.php?article_id=2472,2472
285,Подгруздок белый,Russula delica,Съедобен,Basidiomycota,Agaricomycetes,Russulales,Russulaceae,Russula,ЮК ВК СК ЗК ,../../articles.php?article_id=35,35
286,Подгруздок зеленовато-пласт...,Russula chloroides,Съедобен,Basidiomycota,Agaricomycetes,Russulales,Russulaceae,Russula,СК ,../../articles.php?article_id=2549,2549
287,Подгруздок остропластинчатый,Russula acrifolia,Съедобен,Basidiomycota,Agaricomycetes,Russulales,Russulaceae,Russula,СК ,../../articles.php?article_id=2548,2548
288,Подгруздок черный,Russula adusta,Съедобен,Basidiomycota,Agaricomycetes,Russulales,Russulaceae,Russula,СК ВК ,../../articles.php?article_id=2157,2157
289,Подосиновик белоножковый,Leccinum albostipitatum,Съедобен,Basidiomycota,Basidiomycetes,Boletales,Boletaceae,Leccinum,СК ,../../articles.php?article_id=2461,2461
290,Подосиновик белый,Leccinum percandidum,Съедобен,Basidiomycota,Basidiomycetes,Boletales,Boletaceae,Leccinum,СК ,../../articles.php?article_id=2466,2466
291,Подосиновик желто-бурый,Leccinum versipelle,Съедобен,Basidiomycota,Basidiomycetes,Boletales,Boletaceae,Leccinum,ЮК ВК СК ЗК ,../../articles.php?article_id=2394,2394
292,Подосиновик красный,Leccinum aurantiacum,Съедобен,Basidiomycota,Basidiomycetes,Boletales,Boletaceae,Leccinum,ЮК ВК СК ЗК ,../../articles.php?article_id=49,49
293,Подосиновик сосновый,Leccinum vulpinum,Съедобен,Basidiomycota,Basidiomycetes,Boletales,Boletaceae,Leccinum,СК ,../../articles.php?article_id=2460,2460
294,Полипорус ямчатый,Polyporus arcularius,Несъедобен,Basidiomycota,Agaricomycetes,Polyporales,Polyporaceae,Polyporus,СК ,../../articles.php?article_id=2528,2528
295,Польский гриб,Xerocomus badius,Съедобен,Basidiomycota,Agaricomycetes,Boletales,Boletaceae,Xerocomus,СК ,../../articles.php?article_id=2377,2377
296,Поплавок Баттарры,Amanita battarrae,Съедобен,Basidiomycota,Agaricomycetes,Agaricales,Amanitaceae,Amanita,СК ,../../articles.php?article_id=2110,2110
297,Поплавок белоснежный,Amanita nivalis,Съедобен,Basidiomycota,Agaricomycetes,Agaricales,Amanitaceae,Amanita,ЮК СК ,../../articles.php?article_id=2453,2453
298,Поплавок серый,Amanita vaginata,Съедобен,Basidiomycota,Agaricomycetes,Agaricales,Amanitaceae,Amanita,СК ВК ЗК ,../../articles.php?article_id=1997,1997
299,Поплавок шафранный,Amanita crocea,Съедобен,Basidiomycota,Agaricomycetes,Agaricales,Amanitaceae,Amanita,ВК СК ,../../articles.php?article_id=2454,2454
300,Порония точечная,Poronia punctata,Несъедобен,Ascomycota,Sordariomycetes,Xylariales,Xylariaceae,Poronia,ЮК ЦК ВК СК ЗК ,../../articles.php?article_id=1171,1171
301,Порховка чернеющая,Bovista nigrescens,Съедобен,Basidiomycota,Agaricomycetes,Agaricales,Agaricaceae,Bovista,ЮК ВК ,../../articles.php?article_id=2285,2285
302,Псатирелла Кандолля,Psathyrella candolleana,Съедобен,Basidiomycota,Agaricomycetes,Agaricales,Psathyrellaceae,Psathyrella,ЮК ,../../articles.php?article_id=704,704
303,Псатирелла каштановая,Psathyrella spadicea,Съедобен,Basidiomycota,Agaricomycetes,Agaricales,Psathyrellaceae,Psathyrella,ЮК ,../../articles.php?article_id=1963,1963
304,Псилоцибе слабая,Psilocybe inquilina,Галлюциногенный,Basidiomycota,Agaricomycetes,Agaricales,Strophariaceae,Psilocybe,ЮК ,../../articles.php?article_id=166,166
305,Птерула разветвленная,Pterula multifida,Несъедобен,Basidiomycota,Basidiomycetes,Cantharellales,Pterulaceae,Pterula,ЮК ,../../articles.php?article_id=1982,1982
306,Ризопогон желтоватый,Rhizopogon luteolus,Съедобен,Basidiomycota,Agaricomycetes,Lycoperdales,Lycoperdaceae,Rhizopogon,СК ,../../articles.php?article_id=828,828
307,Рикенелла вдавленная,Rickenella fibula,Несъедобен,Basidiomycota,Agaricomycetes,Hymenochaetales,Rickenellaceae,Rickenella,СК ,../../articles.php?article_id=2257,2257
308,Рипартит рядовковидный,Ripartites tricholoma,Несъедобен,Basidiomycota,Agaricomycetes,Agaricales,Tricholomataceae,Ripartites,,../../articles.php?article_id=2283,2283
309,Рогатик бледный,Ramaria pallida,Ядовит,Basidiomycota,Agaricomycetes,Gomphales,Gomphaceae,Ramaria,ЮК ,../../articles.php?article_id=2524,2524
310,Рогатик еловый,Phaeoclavulina abietina,Несъедобен,Basidiomycota,Agaricomycetes,Gomphales,Gomphaceae,Phaeoclavulina,ЮК ВК СК ,../../articles.php?article_id=2514,2514
311,Рогатик золотистый,Ramaria aurea,Съедобен,Basidiomycota,Agaricomycetes,Gomphales,Gomphaceae,Ramaria,ЮК ,../../articles.php?article_id=72,72
312,Рогатик Михенера,Lentaria micheneri,Несъедобен,Basidiomycota,Agaricomycetes,Gomphales,Gomphaceae,Lentaria,СК ,../../articles.php?article_id=2525,2525
313,Рогатик стройный,Ramaria gracilis,Несъедобен,Basidiomycota,Agaricomycetes,Gomphales,Gomphaceae,Ramaria,ЮК СК ,../../articles.php?article_id=2513,2513
314,Родоцибе ковшевидная,Rhodocybe hirneola,Несъедобен,Basidiomycota,Agaricomycetes,Agaricales,Entolomataceae,Rhodocybe,СК ,../../articles.php?article_id=2398,2398
315,Родоцибе обрубленная,Rhodocybe truncata,Съедобен,Basidiomycota,Agaricomycetes,Agaricales,Entolomataceae,Rhodocybe,ЮК ,../../articles.php?article_id=2343,2343
316,Ругозомицес золотистый,Rugosomyces chrysenteron,Несъедобен,Basidiomycota,Agaricomycetes,Agaricales,Lyophyllaceae,Rugosomyces,ЮК ,../../articles.php?article_id=2515,2515
317,Рыжик еловый,Lactarius deterrimus,Съедобен,Basidiomycota,Agaricomycetes,Russulales,Russulaceae,Lactarius,ЮК ,../../articles.php?article_id=39,39
318,Рыжик настоящий,Lactarius deliciosus,Съедобен,Basidiomycota,Agaricomycetes,Russulales,Russulaceae,Lactarius,ВК СК ,../../articles.php?article_id=7,7
319,Рядовка грязная,Lepista sordida,Съедобен,Basidiomycota,Agaricomycetes,Agaricales,Tricholomataceae,Lepista,ЮК ,../../articles.php?article_id=1163,1163
320,Рядовка желто-бурая,Tricholoma flavobrunneum,Съедобен,Basidiomycota,Agaricomycetes,Agaricales,Tricholomataceae,Tricholoma,СК ,../../articles.php?article_id=2388,2388
321,Рядовка зеленая,Tricholoma equestre,Съедобен,Basidiomycota,Agaricomycetes,Agaricales,Tricholomataceae,Tricholoma,ВК СК ,../../articles.php?article_id=2159,2159
322,Рядовка землистая,Tricholoma terreum,Съедобен,Basidiomycota,Basidiomycetes,Agaricales,Tricholomataceae,Tricholoma,ЮК ВК СК ,../../articles.php?article_id=38,38
323,Рядовка лиловоногая,Lepista personata,Съедобен,Basidiomycota,Agaricomycetes,Agaricales,Tricholomataceae,Lepista,ЮК ,../../articles.php?article_id=51,51
324,Рядовка лиственная,Tricholoma frondosae,Несъедобен,Basidiomycota,Basidiomycetes,Agaricales,Tricholomataceae,Tricholoma,СК ,../../articles.php?article_id=2530,2530
325,Рядовка мыльная,Tricholoma saponaceum,Несъедобен,Basidiomycota,Agaricomycetes,Agaricales,Tricholomataceae,Tricholoma,ЮК ,../../articles.php?article_id=2434,2434
326,Рядовка овернская,Tricholoma arvernense,Несъедобен,Basidiomycota,Basidiomycetes,Agaricales,Tricholomataceae,Tricholoma,СК ,../../articles.php?article_id=2519,2519
327,Рядовка опенковидная,Tricholoma focale,Съедобен,Basidiomycota,Basidiomycetes,Agaricales,Tricholomataceae,Tricholoma,СК ,../../articles.php?article_id=2474,2474
328,Рядовка оранжевая,Tricholoma aurantium,Условносъедобен,Basidiomycota,Agaricomycetes,Agaricales,Tricholomataceae,Tricholoma,ЮК ,../../articles.php?article_id=44,44
329,Рядовка полосатая,Tricholoma virgatum,Ядовит,Basidiomycota,Agaricomycetes,Agaricales,Tricholomataceae,Tricholoma,ЮК СК ,../../articles.php?article_id=2342,2342
330,Рядовка серая,Tricholoma portentosum,Съедобен,Basidiomycota,Agaricomycetes,Agaricales,Tricholomataceae,Tricholoma,ЮК СК ,../../articles.php?article_id=2458,2458
331,Рядовка серебристая,Tricholoma scalpturatum,Съедобен,Basidiomycota,Agaricomycetes,Agaricales,Tricholomataceae,Tricholoma,ЮК ,../../articles.php?article_id=138,138
332,Рядовка скученная,Lyophyllum decastes,Съедобен,Basidiomycota,Agaricomycetes,Agaricales,Tricholomataceae,Lyophyllum,ЮК ,../../articles.php?article_id=107,107
333,Рядовка тополевая,Tricholoma populinum,Съедобен,Basidiomycota,Agaricomycetes,Agaricales,Tricholomataceae,Tricholoma,ЮК ВК СК ЗК ,../../articles.php?article_id=137,137
334,Рядовка фиолетовая,Lepista nuda,Съедобен,Basidiomycota,Agaricomycetes,Agaricales,Tricholomataceae,Lepista,ЮК ,../../articles.php?article_id=673,673
335,Рядовка чешуйчатая,Tricholoma imbricatum,Съедобен,Basidiomycota,Basidiomycetes,Agaricales,Tricholomataceae,Tricholoma,ЮК ВК СК ,../../articles.php?article_id=33,33
336,Саркосфера корончатая,Sarcosphaera coronaria,Ядовит,Ascomycota,Pezizomycetes,Pezizales,Pezizaceae,Sarcosphaera,ЮК ,../../articles.php?article_id=2236,2236
337,Свинушка ольховая,Paxillus filamentosus,,Basidiomycota,Basidiomycetes,Boletales,Paxillaceae,Paxillus,ЮК ВК СК ЗК ,../../articles.php?article_id=670,670
338,Свинушка тонкая,Paxillus involutus,Условносъедобен,Basidiomycota,Agaricomycetes,Boletales,Paxillaceae,Paxillus,,../../articles.php?article_id=34,34
339,Серопластинник горький,Rhodocybe mundula,Несъедобен,Basidiomycota,Agaricomycetes,Agaricales,Entolomataceae,Rhodocybe,ЮК ,../../articles.php?article_id=1124,1124
340,Серопластинник трактирный,Clitocella popinalis,Несъедобен,Basidiomycota,Agaricomycetes,Agaricales,Entolomataceae,Clitocella,ЮК ,../../articles.php?article_id=2522,2522
341,Сизигоспора гриболюбивая,Syzygospora mycetophila,Несъедобен,Basidiomycota,Tremellomycetes,Tremellales,Syzygosporaceae,Syzygospora,ЮК ,../../articles.php?article_id=1153,1153
342,Скрипица,Lactarius vellereus,Условносъедобен,Basidiomycota,Agaricomycetes,Russulales,Russulaceae,Lactarius,ЮК ,../../articles.php?article_id=2373,2373
343,Скутеллиния блюдцевидная,Scutellinia scutellata,Несъедобен,Ascomycota,Pezizomycetes,Pezizales,Otideaceae,Scutellinia,ЮК ВК СК ЗК ,../../articles.php?article_id=759,759
344,Сморчковая шапочка,Verpa bohemica,Съедобен,Ascomycota,Pezizomycetes,Pezizales,Morchellaceae,Verpa,ЮК ВК СК ,../../articles.php?article_id=1990,1990
345,Сморчок высокий,Morchella elata,Съедобен,Ascomycota,Pezizomycetes,Pezizales,Morchellaceae,Morchella,ЮК ,../../articles.php?article_id=2078,2078
346,Сморчок обыкновенный,Morchella vulgaris,Съедобен,Ascomycota,Pezizomycetes,Pezizales,Morchellaceae,Morchella,ЮК ,../../articles.php?article_id=663,663
347,Сморчок степной,Morchella steppicola,Съедобен,Ascomycota,Pezizomycetes,Pezizales,Morchellaceae,Morchella,ЮК ,../../articles.php?article_id=606,606
348,Сморчок съедобный,Morchella esculenta,Съедобен,Ascomycota,Pezizomycetes,Pezizales,Morchellaceae,Morchella,ЮК ,../../articles.php?article_id=2471,2471
349,Совербиелла короткоспоровая,Sowerbyella brevispora,Несъедобен,Ascomycota,Pezizomycetes,Pezizales,Pyronemataceae,Sowerbyella,ЮК ,../../articles.php?article_id=2502,2502
350,Совербиелла сетчатая,Sowerbyella radiculata,Несъедобен,Ascomycota,Pezizomycetes,Pezizales,Otideaceae,Sowerbyella,ЮК ,../../articles.php?article_id=810,810
351,Спатулярия желтоватая,Spathularia flavida,Съедобен,Ascomycota,Leotiomycetes,Helotiales,Cudoniaceae,Spathularia,ВК СК ,../../articles.php?article_id=2504,2504
352,Спинеллус щетинистый,Spinellus fusiger,Несъедобен,Zygomycota,Zygomycetes,Mucorales,Mucoraceae,Spinellus,ЮК ,../../articles.php?article_id=1141,1141
353,Стереум жестковолосистый,Stereum hirsutum,Несъедобен,Basidiomycota,Basidiomycetes,Stereales,Stereaceae,Stereum,ЮК ,../../articles.php?article_id=1179,1179
354,Стереум краснеющий,Stereum sanguinolentum,Несъедобен,Basidiomycota,Basidiomycetes,Stereales,Stereaceae,Stereum,ЮК ,../../articles.php?article_id=1181,1181
355,Строфария корончатая,Stropharia coronilla,Съедобен,Basidiomycota,Agaricomycetes,Agaricales,Strophariaceae,Stropharia,ЮК ,../../articles.php?article_id=545,545
356,Строфария полушаровидная,Stropharia semiglobata,Несъедобен,Basidiomycota,Agaricomycetes,Agaricales,Strophariaceae,Stropharia,ЮК ,../../articles.php?article_id=2147,2147
357,Строфария сине-зеленая,Stropharia aeruginosa,Съедобен,Basidiomycota,Agaricomycetes,Agaricales,Strophariaceae,Stropharia,ЮК ВК ,../../articles.php?article_id=2145,2145
358,Строчок осенний,Gyromitra infula,Смертельноядовит,Ascomycota,Ascomycetes,Pezizales,Helvellaceae,Gyromitra,ЮК ВК СК ЗК ,../../articles.php?article_id=765,765
359,Строчок щитовидный,Discina ancilis,Съедобен,Ascomycota,Pezizomycetes,Pezizales,Discinaceae,Discina,ЮК ВК ,../../articles.php?article_id=972,972
360,Сухлянка двухлетняя,Coltricia perennis,Несъедобен,Basidiomycota,Agaricomycetes,Hymenochaetales,Hymenochaetaceae,Coltricia,ЦК СК ,../../articles.php?article_id=2158,2158
361,Сфероболюс звездчатый,Sphaerobolus stellatus,Несъедобен,Basidiomycota,Agaricomycetes,Sclerodermatales,Sphaerobolaceae,Sphaerobolus,ЮК ,../../articles.php?article_id=1105,1105
362,Сыроежка выцветающая,Russula exalbicans,Съедобен,Basidiomycota,Agaricomycetes,Russulales,Russulaceae,Russula,ЦК СК ,../../articles.php?article_id=2318,2318
363,Сыроежка девичья,Russula puellaris,Съедобен,Basidiomycota,Agaricomycetes,Russulales,Russulaceae,Russula,СК ,../../articles.php?article_id=2543,2543
364,Сыроежка желтая,Russula claroflava,Съедобен,Basidiomycota,Basidiomycetes,Russulales,Russulaceae,Russula,СК ВК ,../../articles.php?article_id=47,47
365,Сыроежка зеленая,Russula aeruginea,Съедобен,Basidiomycota,Agaricomycetes,Russulales,Russulaceae,Russula,ЮК СК ,../../articles.php?article_id=83,83
366,Сыроежка золотистая,Russula aurea,Съедобен,Basidiomycota,Agaricomycetes,Russulales,Russulaceae,Russula,СК ,../../articles.php?article_id=2478,2478
367,Сыроежка каштановая,Russula badia,Съедобен,Basidiomycota,Agaricomycetes,Russulales,Russulaceae,Russula,СК ,../../articles.php?article_id=2545,2545
368,Сыроежка красная,Russula rubra,Съедобен,Basidiomycota,Agaricomycetes,Russulales,Russulaceae,Russula,ЮК СК ВК ,../../articles.php?article_id=2550,2550
369,Сыроежка кроваво-красная,Russula sanguinea,Несъедобен,Basidiomycota,Agaricomycetes,Russulales,Russulaceae,Russula,СК ,../../articles.php?article_id=2546,2546
370,Сыроежка мясистая,Russula medullata,Съедобен,Basidiomycota,Agaricomycetes,Russulales,Russulaceae,Russula,СК ,../../articles.php?article_id=2542,2542
371,Сыроежка невзрачная,Russula nauseosa,Съедобен,Basidiomycota,Agaricomycetes,Russulales,Russulaceae,Russula,ЮК ,../../articles.php?article_id=2487,2487
372,Сыроежка оливиновая,Russula olivina,Съедобен,Basidiomycota,Agaricomycetes,Russulales,Russulaceae,Russula,ЮК ,../../articles.php?article_id=2430,2430
373,Сыроежка оливковая,Russula olivacea,Съедобен,Basidiomycota,Agaricomycetes,Russulales,Russulaceae,Russula,СК ВК ,../../articles.php?article_id=2537,2537
374,Сыроежка пищевая,Russula vesca,Съедобен,Basidiomycota,Agaricomycetes,Russulales,Russulaceae,Russula,СК ,../../articles.php?article_id=2538,2538
375,Сыроежка пламенно-оранжевая,Russula aurantioflammans,Съедобен,Basidiomycota,Agaricomycetes,Russulales,Russulaceae,Russula,ЮК СК ,../../articles.php?article_id=2547,2547
376,Сыроежка розовоногая,Russula roseipes,Съедобен,Basidiomycota,Agaricomycetes,Russulales,Russulaceae,Russula,СК ,../../articles.php?article_id=2544,2544
377,Сыроежка сереющая,Russula decolorans,Съедобен,Basidiomycota,Agaricomycetes,Russulales,Russulaceae,Russula,СК ,../../articles.php?article_id=2541,2541
378,Сыроежка сычуаньская,Russula sichuanensis,Съедобен,Basidiomycota,Agaricomycetes,Russulales,Russulaceae,Russula,ЮК ,../../articles.php?article_id=195,195
379,Сыроежка черно-красная,Russula atrorubens,Несъедобен,Basidiomycota,Agaricomycetes,Russulales,Russulaceae,Russula,СК ,../../articles.php?article_id=2486,2486
380,Тапинелла панусовидная,Tapinella panuoides,Ядовит,Basidiomycota,Basidiomycetes,Boletales,Paxillaceae,Tapinella,ЮК ,../../articles.php?article_id=764,764
381,Тарелочница порховка,Disciseda bovista,Несъедобен,Basidiomycota,Agaricomycetes,Agaricomycetidae,Agaricaceae,Disciseda,ЮК ЦК ВК СК ,../../articles.php?article_id=2447,2447
382,Тарзетта чашевидная,Tarzetta catinus,Съедобен,Ascomycota,Pezizomycetes,Pezizales,Pezizaceae,Tarzetta,ЮК ВК ,../../articles.php?article_id=699,699
383,Телефора гвоздичная,Thelephora caryophyllea,Несъедобен,Basidiomycota,Basidiomycetes,Thelephorales,Thelephoraceae,Thelephora,ЮК СК ВК ,../../articles.php?article_id=836,836
384,Телефора наземная,Thelephora terrestris,Несъедобен,Basidiomycota,Agaricomycetes,Thelephorales,Thelephoraceae,Thelephora,ЮК ЦК ВК СК ЗК ,../../articles.php?article_id=700,700
385,Траметес охряный,Trametes ochracea,Несъедобен,Basidiomycota,Basidiomycetes,Poriales,Coriolaceae,Trametes,ЮК ,../../articles.php?article_id=1177,1177
386,Траметес разноцветный,Trametes versicolor,Несъедобен,Basidiomycota,Basidiomycetes,Poriales,Coriolaceae,Trametes,ЮК ,../../articles.php?article_id=963,963
387,Траметес Трога,Trametes trogii,Несъедобен,Basidiomycota,Basidiomycetes,Poriales,Coriolaceae,Trametes,ЮК ,../../articles.php?article_id=1176,1176
388,Трихаптум двоякий,Trichaptum biforme,Несъедобен,Basidiomycota,Agaricomycetes,Polyporales,Polyporaceae,Trichaptum,СК ,../../articles.php?article_id=2527,2527
389,Трихаптум пихтовый,Trichaptum abietinum,Несъедобен,Basidiomycota,Agaricomycetes,Polyporales,Polyporaceae,Trichaptum,ЮК ,../../articles.php?article_id=803,803
390,Трихарина буро-желтая,Tricharina gilva,Несъедобен,Ascomycota,Pezizomycetes,Pezizales,Pyronemataceae,Tricharina,ЮК ,../../articles.php?article_id=821,821
391,Трихоломопсис украшенный,Tricholomopsis ornata,Несъедобен,Basidiomycota,Agaricomycetes,Agaricales,Tricholomataceae,Tricholomopsis,ЮК ,../../articles.php?article_id=2386,2386
392,Трихофея скученная,Trichophaea gregaria,Несъедобен,Ascomycota,Pezizomycetes,Pezizales,Pyronemataceae,Trichophaea,ЮК ВК ,../../articles.php?article_id=730,730
393,Трутовик березовый,Piptoporus betulinus,Съедобен,Basidiomycota,Agaricomycetes,Polyporales,Fomitopsidaceae,Piptoporus,ЮК ,../../articles.php?article_id=470,470
394,Трутовик дымчатый,Bjerkandera fumosa,Несъедобен,Basidiomycota,Agaricomycetes,Polyporales,Meruliaceae,Bjerkandera,ЮК ,../../articles.php?article_id=706,706
395,Трутовик жестковолосистый,Trametes hirsuta,Несъедобен,Basidiomycota,Basidiomycetes,Poriales,Coriolaceae,Trametes,ЮК ,../../articles.php?article_id=976,976
396,Трутовик изменчивый,Polyporus varius,Несъедобен,Basidiomycota,Agaricomycetes,Polyporales,Polyporaceae,Polyporus,ЮК ,../../articles.php?article_id=709,709
397,Трутовик корнелюбивый,Polyporus rhizophilus,Съедобен,Basidiomycota,Agaricomycetes,Polyporales,Polyporaceae,Polyporus,ЮК ,../../articles.php?article_id=621,621
398,Трутовик настоящий,Fomes fomentarius,Несъедобен,Basidiomycota,Agaricomycetes,Polyporales,Polyporaceae,Fomes,ЮК ЦК ВК СК ЗК ,../../articles.php?article_id=655,655
399,Трутовик облепиховый,Phellinus hippophaecola,Несъедобен,Basidiomycota,Basidiomycetes,Hymenochaetales,Hymenochaetaceae,Phellinus,ЮК ,../../articles.php?article_id=1182,1182
400,Трутовик окаймленный,Fomitopsis pinicola,Несъедобен,Basidiomycota,Agaricomycetes,Polyporales,Fomitopsidaceae,Fomitopsis,ЮК ,../../articles.php?article_id=162,162
401,Трутовик плоский,Ganoderma applanatum,Несъедобен,Basidiomycota,Basidiomycetes,Polyporales,Ganodermataceae,Ganoderma,ЮК ВК СК ЗК ,../../articles.php?article_id=654,654
402,Трутовик розовый,Fomitopsis rosea,Несъедобен,Basidiomycota,Basidiomycetes,Polyporales,Fomitopsidaceae,Fomitopsis,ЮК ,../../articles.php?article_id=960,960
403,Трутовик серно-желтый,Laetiporus sulphureus,Съедобен,Basidiomycota,Agaricomycetes,Polyporales,Polyporaceae,Laetiporus,ЮК ЦК ВК СК ЗК ,../../articles.php?article_id=146,146
404,Трутовик серно-желтый еловый,Laetiporus conifericola,Ядовит,Basidiomycota,Agaricomycetes,Polyporales,Fomitopsidaceae,Laetiporus,ЮК ЦК ВК СК ЗК ,../../articles.php?article_id=2027,2027
405,Трутовик скошенный,Inonotus obliquus,Несъедобен,Basidiomycota,Agaricomycetes,Hymenochaetales,Hymenochaetaceae,Inonotus,ЮК ,../../articles.php?article_id=896,896
406,Трутовик черноногий,Polyporus melanopus,Съедобен,Basidiomycota,Agaricomycetes,Polyporales,Polyporaceae,Polyporus,ЮК ЦК ВК СК ,../../articles.php?article_id=2290,2290
407,Трутовик чешуйчатый,Polyporus squamosus,Съедобен,Basidiomycota,Agaricomycetes,Polyporales,Polyporaceae,Polyporus,ЮК ЦК ВК СК ЗК ,../../articles.php?article_id=143,143
408,Трутовик Швейница,Phaeolus schweinitzii,Несъедобен,Basidiomycota,Agaricomycetes,Polyporales,Fomitopsidaceae,Phaeolus,ЦК ВК СК ,../../articles.php?article_id=2349,2349
409,Трюфель польский,Choiromyces meandriformis,Съедобен,Ascomycota,Pezizomycetes,Tuberales,Tuberaceae,Choiromyces,ЮК ,../../articles.php?article_id=911,911
410,Тулостома влагалищная,Tulostoma volvulatum,Несъедобен,Basidiomycota,Agaricomycetes,Agaricomycetidae,Agaricaceae,Tulostoma,ЮК ,../../articles.php?article_id=2448,2448
411,Фаллогастер мешковидный,Phallogaster saccatus,Несъедобен,Basidiomycota,Agaricomycetes,Hysterangiales,Hysterangiaceae,Phallogaster,ЮК ,../../articles.php?article_id=2505,2505
412,Феллориния геркулесовая,Phellorinia herculeana,Несъедобен,Basidiomycota,Agaricomycetes,Agaricales,Phelloriniaceae,Phellorinia,ЮК ЦК ,../../articles.php?article_id=979,979
413,Филлотопсис гнездообразный,Phyllotopsis nidulans,Съедобен,Basidiomycota,Agaricomycetes,Agaricales,Tricholomataceae,Phyllotopsis,ЮК ВК ,../../articles.php?article_id=2516,2516
414,Фламмулина Фенны,Flammulina fennae,Съедобен,Basidiomycota,Agaricomycetes,Agaricales,Physalacriaceae,Flammulina,ЮК ,../../articles.php?article_id=1983,1983
415,Флебия дрожащая,Phlebia tremellosa,Несъедобен,Basidiomycota,Basidiomycetes,Stereales,Meruliaceae,Phlebia,ЮК ,../../articles.php?article_id=1180,1180
416,Флебия радиальная,Phlebia radiata,Несъедобен,Basidiomycota,Basidiomycetes,Polyporales,Meruliaceae,Phlebia,ЮК ,../../articles.php?article_id=897,897
417,Хейдерия пихтовая,Heyderia abietis,Несъедобен,Ascomycota,Leotiomycetes,Leotiales,Leotiaceae,Heyderia,ЮК ,../../articles.php?article_id=1174,1174
418,Хейлимения зернистая,Cheilymenia granulata,Несъедобен,Ascomycota,Pezizomycetes,Pezizales,Otideaceae,Coprobia,ЮК ,../../articles.php?article_id=985,985
419,Хондростереум пурпурный,Chondrostereum purpureum,Несъедобен,Basidiomycota,Basidiomycetes,Stereales,Meruliaceae,Chondrostereum,ЮК ,../../articles.php?article_id=1178,1178
420,Хромозера синепластинчатая,Chromosera cyanophylla,Несъедобен,Basidiomycota,Agaricomycetes,Agaricales,Tricholomataceae,Chromosera,ЮК ,../../articles.php?article_id=2286,2286
421,Церрена одноцветная,Cerrena unicolor,Несъедобен,Basidiomycota,Basidiomycetes,Polyporales,Polyporaceae,Cerrena,ЮК ,../../articles.php?article_id=182,182
422,Цистелла Гривелла,Cistella grevillei,Несъедобен,Ascomycota,Ascomycetes,Leotiales,Hyaloscyphaceae,Cistella,ЮК ,../../articles.php?article_id=984,984
423,Цистодерма амиантовая,Cystoderma amianthinum,Съедобен,Basidiomycota,Agaricomycetes,Agaricales,Agaricaceae,Cystoderma,ЮК ,../../articles.php?article_id=875,875
424,Цистодерма шелушистая,Cystoderma carcharias,Съедобен,Basidiomycota,Agaricomycetes,Agaricales,Agaricaceae,Cystoderma,ЮК ,../../articles.php?article_id=955,955
425,Цистодермелла зернистая,Cystodermella granulosa,Съедобен,Basidiomycota,Agaricomycetes,Agaricales,Agaricaceae,Cystoderma,СК ЮК ,../../articles.php?article_id=2397,2397
426,Цистодермелла киноварно-кра...,Cystodermella cinnabarina,Съедобен,Basidiomycota,Agaricomycetes,Agaricales,Agaricaceae,Cystoderma,СК ,../../articles.php?article_id=2387,2387
427,Чесночник обыкновенный,Marasmius scorodonius,Съедобен,Basidiomycota,Agaricomycetes,Agaricales,Marasmiaceae,Mycetinis,ВК СК ,../../articles.php?article_id=2160,2160
428,Чешуйчатка золотистая,Pholiota aurivella,Съедобен,Basidiomycota,Agaricomycetes,Agaricales,Strophariaceae,Pholiota,ЮК ,../../articles.php?article_id=951,951
429,Чешуйчатка обыкновенная,Pholiota squarrosa,Съедобен,Basidiomycota,Agaricomycetes,Agaricales,Agaricaceae,Pholiota,ЮК ,../../articles.php?article_id=90,90
430,Чешуйчатка разрушающая,Pholiota populnea,Съедобен,Basidiomycota,Agaricomycetes,Agaricales,Strophariaceae,Pholiota,ЮК ,../../articles.php?article_id=1187,1187
431,Чешуйчатка толстая,Pholiota adiposa,Съедобен,Basidiomycota,Agaricomycetes,Agaricales,Strophariaceae,Pholiota,ЮК ,../../articles.php?article_id=1120,1120
432,Чешуйчатка угольная,Pholiota carbonaria,Условносъедобен,Basidiomycota,Agaricomycetes,Agaricales,Strophariaceae,Pholiota,ЮК ,../../articles.php?article_id=63,63
433,Шамониксия дернистая,Chamonixia caespitosa,Несъедобен,Basidiomycota,Agaricomycetes,Boletales,Boletaceae,Chamonixia,ЮК ,../../articles.php?article_id=2506,2506
434,Шампиньон августовский,Agaricus augustus,Съедобен,Basidiomycota,Agaricomycetes,Agaricales,Agaricaceae,Agaricus,ЮК ВК СК ЗК ,../../articles.php?article_id=241,241
435,Шампиньон Бернарда,Agaricus bernardii,Съедобен,Basidiomycota,Agaricomycetes,Agaricales,Agaricaceae,Agaricus,ВК СК ,../../articles.php?article_id=2464,2464
436,Шампиньон двуспоровый,Agaricus bisporus,Съедобен,Basidiomycota,Agaricomycetes,Agaricales,Agaricaceae,Agaricus,ЮК СК ,../../articles.php?article_id=75,75
437,Шампиньон желтокожий,Agaricus xanthodermus,Несъедобен,Basidiomycota,Agaricomycetes,Agaricales,Agaricaceae,Agaricus,ЮК ,../../articles.php?article_id=141,141
438,Шампиньон красноватый,Agaricus semotus,Съедобен,Basidiomycota,Agaricomycetes,Agaricales,Agaricaceae,Agaricus,ЮК СК ,../../articles.php?article_id=2551,2551
439,Шампиньон лесной,Agaricus silvaticus,Съедобен,Basidiomycota,Agaricomycetes,Agaricales,Agaricaceae,Agaricus,ЮК ,../../articles.php?article_id=48,48
440,Шампиньон луговой,Agaricus campestris,Съедобен,Basidiomycota,Agaricomycetes,Agaricales,Agaricaceae,Agaricus,ЮК ,../../articles.php?article_id=147,147
441,Шампиньон перелесковый,Agaricus silvicola,Съедобен,Basidiomycota,Agaricomycetes,Agaricales,Agaricaceae,Agaricus,ЮК ,../../articles.php?article_id=148,148
442,Шампиньон полевой,Agaricus arvensis,Съедобен,Basidiomycota,Agaricomycetes,Agaricales,Agaricaceae,Agaricus,ЮК ,../../articles.php?article_id=2064,2064
443,Шапочка коническая,Verpa conica,Условносъедобен,Ascomycota,Pezizomycetes,Pezizales,Morchellaceae,Verpa,ЮК ,../../articles.php?article_id=123,123
444,Шизостома разорванная,Schizostoma laceratum,Несъедобен,Basidiomycota,Agaricomycetes,Agaricales,Agaricaceae,Schizostoma,ЮК ,../../articles.php?article_id=2031,2031
445,Шиитаке,Lentinula edodes,Съедобен,Basidiomycota,Agaricomycetes,Agaricales,Omphalotaceae,Lentinula,ВК СК ,../../articles.php?article_id=76,76
446,Щелелистник обыкновенный,Schizophyllum commune,Несъедобен,Basidiomycota,Agaricomycetes,Agaricales,Schizophyllaceae,Schizophyllum,ЮК ВК СК ЗК ,../../articles.php?article_id=149,149
447,Эксидия железистая,Exidia glandulosa,Условносъедобен,Basidiomycota,Agaricomycetes,Auriculariales,Auriculariaceae,Exidia,ЮК ,../../articles.php?article_id=728,728
448,Эксидия жемчужная,Exidia nucleata,Съедобен,Basidiomycota,Tremellomycetes,Tremellales,Tremellaceae,Tremella,ЮК ,../../articles.php?article_id=819,819
449,Эндоптихум агариковидный,Endoptychum agaricoides,Несъедобен,Basidiomycota,Agaricomycetes,Agaricales,Agaricaceae,Endoptychum,ЮК ЦК СК ,../../articles.php?article_id=2028,2028
450,Энтолома весенняя,Entoloma vernum,Ядовит,Basidiomycota,Agaricomycetes,Agaricales,Entolomataceae,Entoloma,ЮК ,../../articles.php?article_id=661,661
451,Энтолома гладконогая,Entoloma poliopus,Несъедобен,Basidiomycota,Agaricomycetes,Agaricales,Entolomataceae,Entoloma,ЮК ,../../articles.php?article_id=1184,1184
452,Энтолома садовая,Entoloma clypeatum,Съедобен,Basidiomycota,Agaricomycetes,Agaricales,Entolomataceae,Entoloma,ЮК ,../../articles.php?article_id=53,53
453,Энтолома светло-коричневая,Entoloma saepium,Съедобен,Basidiomycota,Agaricomycetes,Agaricales,Entolomataceae,Entoloma,ЮК ,../../articles.php?article_id=54,54
454,Энтолома шершавоножковая,Entoloma hirtipes,Несъедобен,Basidiomycota,Agaricomycetes,Agaricales,Entolomataceae,Entoloma,ЮК ,../../articles.php?article_id=756,756
